,PC1,PC2,Treatment,People,Group,Phase,Timepoint,Description,Env,is_MT10
BJN10T1,-0.11521414873579122,-0.08556308704235653,BJN,BJN10,BJN,BJN,1.0,BJN10,root:China,False
BJN10T2,-0.23556475576637823,-0.10161814027175003,BJN,BJN10,BJN,BJN,2.0,BJN10,root:China,False
BJN10T3,-0.1318311859884689,-0.08102097627680195,BJN,BJN10,BJN,BJN,3.0,BJN10,root:China,False
BJN10T4,-0.22583024141041458,-0.09003288792005898,BJN,BJN10,BJN,BJN,4.0,BJN10,root:China,False
BJN10T5,-0.16121658247333412,-0.11430853936297274,BJN,BJN10,BJN,BJN,5.0,BJN10,root:China,False
BJN10T6,-0.14917071276791355,0.11289691130749319,BJN,BJN10,BJN,BJN,6.0,BJN10,root:China,False
BJN1T1,-0.08726127609766038,0.07532173508811889,BJN,BJN1,BJN,BJN,1.0,BJN1,root:China,False
BJN1T2,-0.09036584449254317,0.07853889978268093,BJN,BJN1,BJN,BJN,2.0,BJN1,root:China,False
BJN1T3,-0.142335213909219,0.06720331411154885,BJN,BJN1,BJN,BJN,3.0,BJN1,root:China,False
BJN1T4,-0.12390883340626269,0.08926821070808784,BJN,BJN1,BJN,BJN,4.0,BJN1,root:China,False
BJN1T5,-0.15613601116185416,0.10008475028544976,BJN,BJN1,BJN,BJN,5.0,BJN1,root:China,False
BJN1T6,-0.19853713183295796,-0.0881194989485023,BJN,BJN1,BJN,BJN,6.0,BJN1,root:China,False
BJN2T1,-0.17760377147110754,-0.09029952475109979,BJN,BJN2,BJN,BJN,1.0,BJN2,root:China,False
BJN2T2,-0.13148485543020877,-0.028866864986583758,BJN,BJN2,BJN,BJN,2.0,BJN2,root:China,False
BJN2T3,-0.24874828424166462,-0.14716132042862873,BJN,BJN2,BJN,BJN,3.0,BJN2,root:China,False
BJN2T4,-0.1898002266185376,-0.09958724546449556,BJN,BJN2,BJN,BJN,4.0,BJN2,root:China,False
BJN2T5,-0.19115315791389276,-0.12171015097218688,BJN,BJN2,BJN,BJN,5.0,BJN2,root:China,False
BJN2T6,-0.21484503950797243,-0.07031744703200297,BJN,BJN2,BJN,BJN,6.0,BJN2,root:China,False
BJN3T1,-0.03374155246663267,0.09082952755947321,BJN,BJN3,BJN,BJN,1.0,BJN3,root:China,False
BJN3T2,-0.053672556739119935,0.09549194600393089,BJN,BJN3,BJN,BJN,2.0,BJN3,root:China,False
BJN3T3,-0.07532646575674265,0.09848953130949518,BJN,BJN3,BJN,BJN,3.0,BJN3,root:China,False
BJN3T4,-0.15264395827259783,0.09393037743123957,BJN,BJN3,BJN,BJN,4.0,BJN3,root:China,False
BJN3T5,-0.10221674448085684,0.10242768259418705,BJN,BJN3,BJN,BJN,5.0,BJN3,root:China,False
BJN3T6,0.025389606991294843,0.057863064752063466,BJN,BJN3,BJN,BJN,6.0,BJN3,root:China,False
BJN4T1,-0.033905528949924234,0.06326377156563892,BJN,BJN4,BJN,BJN,1.0,BJN4,root:China,False
BJN4T2,-0.15813441425298433,0.0968657060633088,BJN,BJN4,BJN,BJN,2.0,BJN4,root:China,False
BJN4T3,-0.08438967531316358,0.1454032827727164,BJN,BJN4,BJN,BJN,3.0,BJN4,root:China,False
BJN4T4,-0.12773607781623633,0.11261586963108931,BJN,BJN4,BJN,BJN,4.0,BJN4,root:China,False
BJN4T5,0.030724785056143733,0.11504354931291275,BJN,BJN4,BJN,BJN,5.0,BJN4,root:China,False
BJN4T6,-0.0021523644862091735,0.0806474094863221,BJN,BJN4,BJN,BJN,6.0,BJN4,root:China,False
BJN5T1,-0.026146329690925077,0.07845418882153689,BJN,BJN5,BJN,BJN,1.0,BJN5,root:China,False
BJN5T2,-0.06087155158493015,0.1112536931074093,BJN,BJN5,BJN,BJN,2.0,BJN5,root:China,False
BJN5T3,-0.11664723290387895,0.10731843612015965,BJN,BJN5,BJN,BJN,3.0,BJN5,root:China,False
BJN5T4,0.1614148289816948,0.0418692988546298,BJN,BJN5,BJN,BJN,4.0,BJN5,root:China,False
BJN5T5,-0.021078760520220948,0.1183175608123929,BJN,BJN5,BJN,BJN,5.0,BJN5,root:China,False
BJN5T6,0.19562293724782576,0.11786660462499929,BJN,BJN5,BJN,BJN,6.0,BJN5,root:China,False
BJN6T2,-0.12025996227444001,0.07058392643880589,BJN,BJN6,BJN,BJN,2.0,BJN6,root:China,False
BJN6T3,-0.010918176107686405,0.15765766254342858,BJN,BJN6,BJN,BJN,3.0,BJN6,root:China,False
BJN6T4,-0.07835367498405349,0.06872951864714537,BJN,BJN6,BJN,BJN,4.0,BJN6,root:China,False
BJN6T5,-0.1262928195266382,0.08774973513044672,BJN,BJN6,BJN,BJN,5.0,BJN6,root:China,False
BJN6T6,-0.1456731437502267,0.08970489531766147,BJN,BJN6,BJN,BJN,6.0,BJN6,root:China,False
BJN7T1,-0.11372716491594329,-0.058373533228995765,BJN,BJN7,BJN,BJN,1.0,BJN7,root:China,False
BJN7T2,0.20317842791165258,0.007757820457212944,BJN,BJN7,BJN,BJN,2.0,BJN7,root:China,False
BJN7T3,-0.01925001278172792,0.01668643788584547,BJN,BJN7,BJN,BJN,3.0,BJN7,root:China,False
BJN7T4,-0.039659221889158054,0.04807553269527973,BJN,BJN7,BJN,BJN,4.0,BJN7,root:China,False
BJN8T1,-0.07205784761170425,0.06848255126308384,BJN,BJN8,BJN,BJN,1.0,BJN8,root:China,False
BJN8T2,-0.08070802231512657,0.05866858463541994,BJN,BJN8,BJN,BJN,2.0,BJN8,root:China,False
BJN8T3,-0.1391087672182507,0.06502823469356521,BJN,BJN8,BJN,BJN,3.0,BJN8,root:China,False
BJN8T4,-0.13876776489260068,0.0759730749569929,BJN,BJN8,BJN,BJN,4.0,BJN8,root:China,False
BJN8T5,-0.12164740037250016,0.09327733714114968,BJN,BJN8,BJN,BJN,5.0,BJN8,root:China,False
BJN8T6,-0.12448815378747792,0.10862924285653196,BJN,BJN8,BJN,BJN,6.0,BJN8,root:China,False
BJN9T1,-0.026077390915567385,0.1012071042663305,BJN,BJN9,BJN,BJN,1.0,BJN9,root:China,False
BJN9T2,-0.13990439947508093,-0.0880618671704571,BJN,BJN9,BJN,BJN,2.0,BJN9,root:China,False
BJN9T3,-0.09668759611523807,0.09333077486739283,BJN,BJN9,BJN,BJN,3.0,BJN9,root:China,False
BJN9T4,-0.023849803495468152,0.09113335464354448,BJN,BJN9,BJN,BJN,4.0,BJN9,root:China,False
BJN9T5,-0.047872245786511,0.08085910125153269,BJN,BJN9,BJN,BJN,5.0,BJN9,root:China,False
BJN9T6,-0.12340738883825275,0.09506616424403631,BJN,BJN9,BJN,BJN,6.0,BJN9,root:China,False
MTB10T16,-0.14531918029485666,0.08598129721531146,MTB,MT10,MTB,T4,16.0,MT10,root:China:T4,True
MTB10T17,-0.08427013749616362,0.09884265575397093,MTB,MT10,MTB,T4,17.0,MT10,root:China:T4,True
MTB10T18,-0.05507505056377579,0.09723433114591333,MTB,MT10,MTB,T4,18.0,MT10,root:China:T4,True
MTB10T19,-0.0809510643112889,0.06964489185291013,MTB,MT10,MTB,T4,19.0,MT10,root:China:T4,True
MTB10T20,-0.13080580493210955,0.10032728903255606,MTB,MT10,MTB,T5,20.0,MT10,root:China:T5,True
MTB10T21,-0.14040394017018823,0.10073462674798614,MTB,MT10,MTB,T5,21.0,MT10,root:China:T5,True
MTB10T23,-0.05284420813234595,0.08555910611696149,MTB,MT10,MTB,T5,23.0,MT10,root:China:T5,True
MTB10T24,-0.09089311980393046,0.08540390445667381,MTB,MT10,MTB,T6,24.0,MT10,root:China:T6,True
MTB10T25,-0.13401409154861862,0.08406892734156526,MTB,MT10,MTB,T6,25.0,MT10,root:China:T6,True
MTB2T21,-0.024367720279892435,0.023634829574471373,MTB,MT2,MTB,T5,21.0,MT2,root:China:T5,False
MTB2T22,-0.14771660316622817,-0.08916708089047376,MTB,MT2,MTB,T5,22.0,MT2,root:China:T5,False
MTB2T23,-0.05339037725500361,-0.036368413845132286,MTB,MT2,MTB,T5,23.0,MT2,root:China:T5,False
MTB2T24,-0.062456454864138894,-0.03216674898643436,MTB,MT2,MTB,T5,24.0,MT2,root:China:T5,False
MTB2T25,-0.1453936029439226,0.012321260419575646,MTB,MT2,MTB,T6,25.0,MT2,root:China:T6,False
MTB3T21,-0.09860512274373974,-0.03622872447023103,MTB,MT3,MTB,T5,21.0,MT3,root:China:T5,False
MTB3T22,-0.134219599291658,-0.07035028918052615,MTB,MT3,MTB,T5,22.0,MT3,root:China:T5,False
MTB3T23,-0.15164761654712253,-0.08413807016415521,MTB,MT3,MTB,T5,23.0,MT3,root:China:T5,False
MTB3T24,-0.1352390114264232,-0.086896973856178,MTB,MT3,MTB,T5,24.0,MT3,root:China:T5,False
MTB3T25,-0.15092731102809373,-0.10637248421181186,MTB,MT3,MTB,T6,25.0,MT3,root:China:T6,False
MTB4T21,-0.21829290669679788,-0.06672041674828015,MTB,MT4,MTB,T5,21.0,MT4,root:China:T5,False
MTB4T22,-0.23151086733681978,-0.030761745647064593,MTB,MT4,MTB,T5,22.0,MT4,root:China:T5,False
MTB4T23,-0.19658699983471048,0.019369027707492856,MTB,MT4,MTB,T5,23.0,MT4,root:China:T5,False
MTB4T24,-0.21792591268663722,-0.06869129644197206,MTB,MT4,MTB,T5,24.0,MT4,root:China:T5,False
MTB4T25,-0.20751539934416524,-0.014085148058502904,MTB,MT4,MTB,T6,25.0,MT4,root:China:T6,False
MTB5T21,-0.1508397380851256,0.15612009865841545,MTB,MT5,MTB,T5,21.0,MT5,root:China:T5,False
MTB5T22,-0.12208271471803381,0.1464398909780627,MTB,MT5,MTB,T5,22.0,MT5,root:China:T5,False
MTB5T23,-0.11959179080212617,0.15014652979568666,MTB,MT5,MTB,T5,23.0,MT5,root:China:T5,False
MTB5T24,-0.14494136999094465,0.1444009314059385,MTB,MT5,MTB,T5,24.0,MT5,root:China:T5,False
MTB5T25,-0.16852533008608217,0.172047555118507,MTB,MT5,MTB,T6,25.0,MT5,root:China:T6,False
MTB6T21,-0.1874333342265934,-0.15494149772203178,MTB,MT6,MTB,T5,21.0,MT6,root:China:T5,False
MTB6T22,-0.19116676501098587,-0.12687867151776644,MTB,MT6,MTB,T5,22.0,MT6,root:China:T5,False
MTB6T23,-0.1816282016417025,-0.12563955507517885,MTB,MT6,MTB,T5,23.0,MT6,root:China:T5,False
MTB6T24,-0.18495510597732662,-0.1272895415120262,MTB,MT6,MTB,T5,24.0,MT6,root:China:T5,False
MTB6T25,0.00789774967619981,-0.06740555430232004,MTB,MT6,MTB,T6,25.0,MT6,root:China:T6,False
MTB6T26,0.022677236540289403,-0.012094898095777672,MTB,MT6,MTB,T6,26.0,MT6,root:China:T6,False
MTB6T27,-0.10365598967337175,-0.03438960711017062,MTB,MT6,MTB,T6,27.0,MT6,root:China:T6,False
MTB6T28,-0.07096502407873184,0.005152406965366537,MTB,MT6,MTB,T6,28.0,MT6,root:China:T6,False
MTB6T29,-0.04138580332115309,0.004718802355817483,MTB,MT6,MTB,T6,29.0,MT6,root:China:T6,False
MTB7T21,0.06713959698687869,0.03848847491904776,MTB,MT7,MTB,T5,21.0,MT7,root:China:T5,False
MTB7T22,-0.035865573078718654,0.06189360609401811,MTB,MT7,MTB,T5,22.0,MT7,root:China:T5,False
MTB7T23,-0.13577991288041424,0.06416623587904317,MTB,MT7,MTB,T5,23.0,MT7,root:China:T5,False
MTB7T24,-0.029103523599561424,0.09061245366854191,MTB,MT7,MTB,T5,24.0,MT7,root:China:T5,False
MTB8T21,0.03384962971253343,0.007459399606303833,MTB,MT8,MTB,T5,21.0,MT8,root:China:T5,False
MTB8T22,0.13432838747453196,-0.0031024047952524095,MTB,MT8,MTB,T5,22.0,MT8,root:China:T5,False
MTB8T23,0.08338651858062178,-0.008011252249562438,MTB,MT8,MTB,T5,23.0,MT8,root:China:T5,False
MTB8T24,-0.13337728140118912,-0.06616440194923376,MTB,MT8,MTB,T5,24.0,MT8,root:China:T5,False
MTB8T25,-0.12826081649909565,-0.09896120392728791,MTB,MT8,MTB,T6,25.0,MT8,root:China:T6,False
MTB8T26,-0.01420037983261144,-0.03247449878978133,MTB,MT8,MTB,T6,26.0,MT8,root:China:T6,False
MTB8T27,-0.1036695004640696,-0.06856793927895843,MTB,MT8,MTB,T6,27.0,MT8,root:China:T6,False
MTB8T28,0.0229856641631921,0.045237984635444865,MTB,MT8,MTB,T6,28.0,MT8,root:China:T6,False
MTB8T29,-0.1773561224515666,-0.10485401497067984,MTB,MT8,MTB,T6,29.0,MT8,root:China:T6,False
MTB8T30,-0.2035971547546416,-0.1309563406822873,MTB,MT8,MTB,T6,30.0,MT8,root:China:T6,False
MTB9T21,0.006652860915570838,0.13313231699010866,MTB,MT9,MTB,T5,21.0,MT9,root:China:T5,False
MTB9T22,0.1114361316294758,0.12503081563938018,MTB,MT9,MTB,T5,22.0,MT9,root:China:T5,False
MTB9T23,0.06104986658823594,0.07187267016374482,MTB,MT9,MTB,T5,23.0,MT9,root:China:T5,False
MTB9T24,-0.07844168870600848,0.09577815712627556,MTB,MT9,MTB,T5,24.0,MT9,root:China:T5,False
MTB9T25,-0.04227099721137205,0.10455923697869814,MTB,MT9,MTB,T6,25.0,MT9,root:China:T6,False
MTB9T27,-0.12816836034881848,0.10716631605643245,MTB,MT9,MTC,T6,27.0,MT9,root:China:T6,False
MTC10T1,-0.09992825122396144,0.08093802991534278,MTC,MT10,MTC,T1,1.0,MT10,root:China:T1,True
MTC10T2,-0.13906248273150626,0.12407049033935151,MTC,MT10,MTC,T1,2.0,MT10,root:China:T1,True
MTC1T1,-0.17741355038660658,-0.10899324020028141,MTC,MT1,MTC,T1,1.0,MT1,root:China:T1,False
MTC1T2,-0.15633705327104885,-0.11892137407030764,MTC,MT1,MTC,T1,2.0,MT1,root:China:T1,False
MTC2T1,-0.23971333780334744,-0.1249495352484036,MTC,MT2,MTC,T1,1.0,MT2,root:China:T1,False
MTC2T2,-0.20607059906530478,-0.1085799604975429,MTC,MT2,MTC,T1,2.0,MT2,root:China:T1,False
MTC3T1,-0.2049117053744692,-0.13340846853244423,MTC,MT3,MTC,T1,1.0,MT3,root:China:T1,False
MTC3T2,-0.1540662739577666,-0.08236588904897603,MTC,MT3,MTC,T1,2.0,MT3,root:China:T1,False
MTC4T1,-0.05351676441045712,0.1295387250854968,MTC,MT4,MTC,T1,1.0,MT4,root:China:T1,False
MTC4T2,-0.12731714688611523,-0.06319375789433328,MTC,MT4,MTC,T1,2.0,MT4,root:China:T1,False
MTC5T1,-0.12862430246439926,0.1276629861569498,MTC,MT5,MTC,T1,1.0,MT5,root:China:T1,False
MTC5T2,-0.18085168534697596,0.1419785821335968,MTC,MT5,MTC,T1,2.0,MT5,root:China:T1,False
MTC6T1,-0.10596026054346824,-0.08364782724216299,MTC,MT6,MTC,T1,1.0,MT6,root:China:T1,False
MTC6T2,-0.22193696508365257,-0.16033444268833108,MTC,MT6,MTC,T1,2.0,MT6,root:China:T1,False
MTC7T1,-0.084219092662465,0.07437653255565047,MTC,MT7,MTC,T1,1.0,MT7,root:China:T1,False
MTC7T2,-0.09116988883546273,0.06895341935570765,MTC,MT7,MTC,T1,2.0,MT7,root:China:T1,False
MTC8T1,-0.17839333628248127,-0.13312660718169,MTC,MT8,MTC,T1,1.0,MT8,root:China:T1,False
MTC8T2,-0.19165638768155366,-0.12260909308422026,MTC,MT8,MTC,T1,2.0,MT8,root:China:T1,False
MTC9T1,-0.07455775560530566,0.09315692433349865,MTC,MT9,MTC,T1,1.0,MT9,root:China:T1,False
MTC9T2,-0.08328975590053113,0.10766055683637027,MTC,MT9,MTC,T1,2.0,MT9,root:China:T1,False
MTT10T11,-0.010324811863913829,0.11374860243096585,MTT,MT10,MTT,T3,11.0,MT10,root:Trinidad and Tobago:T3,True
MTT10T12,-0.04076432286521746,0.05976595574082317,MTT,MT10,MTT,T3,12.0,MT10,root:Trinidad and Tobago:T3,True
MTT10T13,-0.0047977206529466925,0.06384634485208929,MTT,MT10,MTT,T3,13.0,MT10,root:Trinidad and Tobago:T3,True
MTT10T14,0.08099363766258327,0.046696640663800866,MTT,MT10,MTT,T3,14.0,MT10,root:Trinidad and Tobago:T3,True
MTT10T15,0.0788125819538301,0.06938478595808532,MTT,MT10,MTT,T3,15.0,MT10,root:Trinidad and Tobago:T3,True
MTT10T4,0.10676777770671708,0.06282761743568763,MTT,MT10,MTT,T2,4.0,MT10,root:Trinidad and Tobago:T2,True
MTT10T5,0.07059045654463712,0.07001288411158278,MTT,MT10,MTT,T2,5.0,MT10,root:Trinidad and Tobago:T2,True
MTT10T7,0.06605789367816525,0.03138691144694587,MTT,MT10,MTT,T2,7.0,MT10,root:Trinidad and Tobago:T2,True
MTT10T9,0.3174166727582537,0.040763890160532244,MTT,MT10,MTT,T3,9.0,MT10,root:Trinidad and Tobago:T3,True
MTT1T11,0.22586747840496893,-0.0419085287294976,MTT,MT1,MTT,T3,11.0,MT1,root:Trinidad and Tobago:T3,False
MTT1T12,0.16137149318416294,-0.0293568678322362,MTT,MT1,MTT,T3,12.0,MT1,root:Trinidad and Tobago:T3,False
MTT1T13,0.27967868508962807,-0.024913862743841494,MTT,MT1,MTT,T3,13.0,MT1,root:Trinidad and Tobago:T3,False
MTT1T15,-0.04770132164062973,0.03915125082909619,MTT,MT1,MTT,T3,15.0,MT1,root:Trinidad and Tobago:T3,False
MTT1T17,0.12697360594552176,0.024272789687970812,MTT,MT1,MTT,T4,17.0,MT1,root:Trinidad and Tobago:T4,False
MTT1T4,-0.13253450879445025,-0.09868629255169327,MTT,MT1,MTT,T2,4.0,MT1,root:Trinidad and Tobago:T2,False
MTT1T5,0.2426354334283441,-0.011622366064274942,MTT,MT1,MTT,T2,5.0,MT1,root:Trinidad and Tobago:T2,False
MTT1T8,-0.0020092449786265434,-0.011204164819096205,MTT,MT1,MTT,T3,8.0,MT1,root:Trinidad and Tobago:T3,False
MTT1T9,0.29712027143130937,-0.08738430444533347,MTT,MT1,MTT,T3,9.0,MT1,root:Trinidad and Tobago:T3,False
MTT2T12,0.11683808749361807,-0.046860717169506905,MTT,MT2,MTT,T3,12.0,MT2,root:Trinidad and Tobago:T3,False
MTT2T13,0.16828633962095546,0.0871076431715888,MTT,MT2,MTT,T3,13.0,MT2,root:Trinidad and Tobago:T3,False
MTT2T14,0.17028160346978694,-0.026827181210960435,MTT,MT2,MTT,T3,14.0,MT2,root:Trinidad and Tobago:T3,False
MTT2T15,-0.15859750921312885,-0.08559515676416311,MTT,MT2,MTT,T3,15.0,MT2,root:Trinidad and Tobago:T3,False
MTT2T17,0.1256858979959028,-0.0695442222964646,MTT,MT2,MTT,T4,17.0,MT2,root:Trinidad and Tobago:T4,False
MTT2T18,0.0002684720362663888,-0.04036152065700534,MTT,MT2,MTT,T4,18.0,MT2,root:Trinidad and Tobago:T4,False
MTT2T19,0.21475229846085148,-0.03850293335901065,MTT,MT2,MTT,T4,19.0,MT2,root:Trinidad and Tobago:T4,False
MTT2T4,-0.1716868584208856,-0.061442678585727654,MTT,MT2,MTT,T2,4.0,MT2,root:Trinidad and Tobago:T2,False
MTT2T5,-0.029710270674269693,0.0007819789942227671,MTT,MT2,MTT,T2,5.0,MT2,root:Trinidad and Tobago:T2,False
MTT2T7,0.07012232518648565,0.019393540938388954,MTT,MT2,MTT,T2,7.0,MT2,root:Trinidad and Tobago:T2,False
MTT2T9,0.15430413646594984,0.03907520612920054,MTT,MT2,MTT,T3,9.0,MT2,root:Trinidad and Tobago:T3,False
MTT3T11,0.21849350139005286,0.015226384374221504,MTT,MT3,MTT,T3,11.0,MT3,root:Trinidad and Tobago:T3,False
MTT3T12,0.13000349006504697,-0.05743023799526129,MTT,MT3,MTT,T3,12.0,MT3,root:Trinidad and Tobago:T3,False
MTT3T13,-0.01636625087714292,-0.0883152159461907,MTT,MT3,MTT,T3,13.0,MT3,root:Trinidad and Tobago:T3,False
MTT3T14,0.1849901460487921,-0.03529722529701525,MTT,MT3,MTT,T3,14.0,MT3,root:Trinidad and Tobago:T3,False
MTT3T15,-0.07080809397695594,0.03863691690896428,MTT,MT3,MTT,T3,15.0,MT3,root:Trinidad and Tobago:T3,False
MTT3T17,-0.053418265970296364,-0.09936896486429328,MTT,MT3,MTT,T4,17.0,MT3,root:Trinidad and Tobago:T4,False
MTT3T18,-0.07852023137445827,-0.08003828390508626,MTT,MT3,MTT,T4,18.0,MT3,root:Trinidad and Tobago:T4,False
MTT3T19,-0.1480041648214057,-0.13753961295272807,MTT,MT3,MTT,T4,19.0,MT3,root:Trinidad and Tobago:T4,False
MTT3T4,-0.14193511733883005,-0.12663726584353238,MTT,MT3,MTT,T2,4.0,MT3,root:Trinidad and Tobago:T2,False
MTT3T5a,-0.13997727214099273,-0.12250463780417264,MTT,MT3,MTT,T2,5.0,MT3,root:Trinidad and Tobago:T2,False
MTT3T5b,-0.16510162910025047,-0.09020839257993067,MTT,MT3,MTT,T2,6.0,MT3,root:Trinidad and Tobago:T2,False
MTT3T7,0.12574015888096354,0.058679088029086016,MTT,MT3,MTT,T2,7.0,MT3,root:Trinidad and Tobago:T2,False
MTT3T9,0.11543599537503395,-0.07727595468304371,MTT,MT3,MTT,T3,9.0,MT3,root:Trinidad and Tobago:T3,False
MTT4T12a,0.22236200492993066,-0.013574887786523633,MTT,MT4,MTT,T3,12.0,MT4,root:Trinidad and Tobago:T3,False
MTT4T12b,0.1263168744087773,-0.014438106501628703,MTT,MT4,MTT,T3,13.0,MT4,root:Trinidad and Tobago:T3,False
MTT4T14,0.042714707254843755,-0.022155845875096128,MTT,MT4,MTT,T3,14.0,MT4,root:Trinidad and Tobago:T3,False
MTT4T17,-0.11050422450176133,0.04579684085936538,MTT,MT4,MTT,T4,17.0,MT4,root:Trinidad and Tobago:T4,False
MTT4T9a,0.03767601633996379,0.02515466521418952,MTT,MT4,MTT,T3,9.0,MT4,root:Trinidad and Tobago:T3,False
MTT4T9b,0.19808041386136216,-0.02051089171209978,MTT,MT4,MTT,T3,10.0,MT4,root:Trinidad and Tobago:T3,False
MTT5T11,0.3471745982557,-0.05740175891854558,MTT,MT5,MTT,T3,11.0,MT5,root:Trinidad and Tobago:T3,False
MTT5T12,0.23871651486448076,0.13460399799839018,MTT,MT5,MTT,T3,12.0,MT5,root:Trinidad and Tobago:T3,False
MTT5T13,-0.12872492589332254,0.16492359116279617,MTT,MT5,MTT,T3,13.0,MT5,root:Trinidad and Tobago:T3,False
MTT5T14,-0.08736826961559216,0.14180174192721656,MTT,MT5,MTT,T3,14.0,MT5,root:Trinidad and Tobago:T3,False
MTT5T15,0.24318724689901897,0.12477861700867406,MTT,MT5,MTT,T3,15.0,MT5,root:Trinidad and Tobago:T3,False
MTT5T17,0.21105290525184908,0.032848026255598496,MTT,MT5,MTT,T4,17.0,MT5,root:Trinidad and Tobago:T4,False
MTT5T18,0.17486516085399467,0.06027307908482909,MTT,MT5,MTT,T4,18.0,MT5,root:Trinidad and Tobago:T4,False
MTT5T19,0.08468564480745562,0.1741903886472055,MTT,MT5,MTT,T4,19.0,MT5,root:Trinidad and Tobago:T4,False
MTT5T4,-0.07315078783128195,0.1171346829547602,MTT,MT5,MTT,T2,4.0,MT5,root:Trinidad and Tobago:T2,False
MTT5T6,0.0072261626086555725,0.16310214223563055,MTT,MT5,MTT,T2,6.0,MT5,root:Trinidad and Tobago:T2,False
MTT5T7,0.04216691065360245,0.2007454659768529,MTT,MT5,MTT,T2,7.0,MT5,root:Trinidad and Tobago:T2,False
MTT5T9,0.09387907015408646,0.1619601701592731,MTT,MT5,MTT,T3,9.0,MT5,root:Trinidad and Tobago:T3,False
MTT6T11,0.3049856987232207,-0.07909138942069113,MTT,MT6,MTT,T3,11.0,MT6,root:Trinidad and Tobago:T3,False
MTT6T12,0.2931584330586684,-0.023629183484017074,MTT,MT6,MTT,T3,12.0,MT6,root:Trinidad and Tobago:T3,False
MTT6T13,0.18469134942210008,-0.06714966831857772,MTT,MT6,MTT,T3,13.0,MT6,root:Trinidad and Tobago:T3,False
MTT6T14,0.18316829004588941,-0.08170591618753452,MTT,MT6,MTT,T3,14.0,MT6,root:Trinidad and Tobago:T3,False
MTT6T15,-0.11776245573847265,-0.1708999510474135,MTT,MT6,MTT,T3,15.0,MT6,root:Trinidad and Tobago:T3,False
MTT6T16,-0.1074778807851098,-0.1340087833281435,MTT,MT6,MTT,T3,16.0,MT6,root:Trinidad and Tobago:T3,False
MTT6T17,0.09161964247181474,-0.047633561722778404,MTT,MT6,MTT,T4,17.0,MT6,root:Trinidad and Tobago:T4,False
MTT6T18,0.05413000144271053,-0.09486517280877449,MTT,MT6,MTT,T4,18.0,MT6,root:Trinidad and Tobago:T4,False
MTT6T19,0.0757174959346302,-0.0800813389666688,MTT,MT6,MTT,T4,19.0,MT6,root:Trinidad and Tobago:T4,False
MTT6T20,-0.12543591149855277,-0.14991131931471655,,,,,,,,
MTT6T3,-0.04943199506424381,-0.14822703700047468,MTT,MT6,MTT,T2,3.0,MT6,root:Trinidad and Tobago:T2,False
MTT6T4,-0.10020617147030783,-0.1395989017624029,MTT,MT6,MTT,T2,4.0,MT6,root:Trinidad and Tobago:T2,False
MTT6T5,0.006614227887546318,-0.11310700011808529,MTT,MT6,MTT,T2,5.0,MT6,root:Trinidad and Tobago:T2,False
MTT6T7,0.024852956322671396,-0.07043345318617979,MTT,MT6,MTT,T2,7.0,MT6,root:Trinidad and Tobago:T2,False
MTT6T8,0.16596391456045217,-0.11367946121868418,MTT,MT6,MTT,T3,8.0,MT6,root:Trinidad and Tobago:T3,False
MTT6T9,0.20309392853840438,-0.004442109658143834,MTT,MT6,MTT,T3,9.0,MT6,root:Trinidad and Tobago:T3,False
MTT7T10,0.2580661588448054,0.002558324926116461,MTT,MT7,MTT,T3,10.0,MT7,root:Trinidad and Tobago:T3,False
MTT7T12,0.15763960913818545,0.008174075527392619,MTT,MT7,MTT,T3,12.0,MT7,root:Trinidad and Tobago:T3,False
MTT7T13,-0.08622830804048377,0.0805601352348221,MTT,MT7,MTT,T3,13.0,MT7,root:Trinidad and Tobago:T3,False
MTT7T14,0.13399418305269503,0.05524320338957072,MTT,MT7,MTT,T3,14.0,MT7,root:Trinidad and Tobago:T3,False
MTT7T17,0.23577145577742104,0.06096982648337324,MTT,MT7,MTT,T4,17.0,MT7,root:Trinidad and Tobago:T4,False
MTT7T18,0.188185001919466,-0.0035591737671552184,MTT,MT7,MTT,T4,18.0,MT7,root:Trinidad and Tobago:T4,False
MTT7T19,-0.007494944195087987,0.05093928655037032,MTT,MT7,MTT,T4,19.0,MT7,root:Trinidad and Tobago:T4,False
MTT7T3,-0.01608053359674493,0.044648665079343335,MTT,MT7,MTT,T2,3.0,MT7,root:Trinidad and Tobago:T2,False
MTT7T4,0.05696039677591889,0.030695678863285548,MTT,MT7,MTT,T2,4.0,MT7,root:Trinidad and Tobago:T2,False
MTT7T5,0.09717990998801086,0.019268106880295368,MTT,MT7,MTT,T2,5.0,MT7,root:Trinidad and Tobago:T2,False
MTT7T7,-0.05966189188175483,0.06437720183793065,MTT,MT7,MTT,T2,7.0,MT7,root:Trinidad and Tobago:T2,False
MTT7T8,0.22735199958249597,-0.019896069564748674,MTT,MT7,MTT,T3,8.0,MT7,root:Trinidad and Tobago:T3,False
MTT7T9,0.31367178535810497,0.039461733925041785,MTT,MT7,MTT,T3,9.0,MT7,root:Trinidad and Tobago:T3,False
MTT8T11,-0.008942139590266596,-0.04645908238374431,MTT,MT8,MTT,T3,11.0,MT8,root:Trinidad and Tobago:T3,False
MTT8T12,0.021989813856690247,-0.06940966987802451,MTT,MT8,MTT,T3,12.0,MT8,root:Trinidad and Tobago:T3,False
MTT8T13,-0.08132820535566165,-0.11710828950914837,MTT,MT8,MTT,T3,13.0,MT8,root:Trinidad and Tobago:T3,False
MTT8T14,-0.03168652772694712,-0.05769206045998383,MTT,MT8,MTT,T3,14.0,MT8,root:Trinidad and Tobago:T3,False
MTT8T15,-0.1414519818435444,-0.09475506308959497,MTT,MT8,MTT,T3,15.0,MT8,root:Trinidad and Tobago:T3,False
MTT8T17,-0.10630212507785211,-0.06037383367579727,MTT,MT8,MTT,T4,17.0,MT8,root:Trinidad and Tobago:T4,False
MTT8T4,-0.00445368201003188,-0.05698839531671955,MTT,MT8,MTT,T2,4.0,MT8,root:Trinidad and Tobago:T2,False
MTT8T6,-0.017642888722566297,-0.05232880877505472,MTT,MT8,MTT,T2,6.0,MT8,root:Trinidad and Tobago:T2,False
MTT8T7,-0.12173437813456671,-0.10710953049925243,MTT,MT8,MTT,T2,7.0,MT8,root:Trinidad and Tobago:T2,False
MTT8T9,-0.038922464024131694,0.11696951265956504,MTT,MT8,MTT,T3,9.0,MT8,root:Trinidad and Tobago:T3,False
MTT9T11,0.3354955867631209,-0.04479546046869432,MTT,MT9,MTT,T3,11.0,MT9,root:Trinidad and Tobago:T3,False
MTT9T12,0.3304609542487402,-0.06062154836761176,MTT,MT9,MTT,T3,12.0,MT9,root:Trinidad and Tobago:T3,False
MTT9T13,0.2652717564171429,-0.05522917394532509,MTT,MT9,MTT,T3,13.0,MT9,root:Trinidad and Tobago:T3,False
MTT9T14,-0.029941624128194122,0.10866781399423903,MTT,MT9,MTT,T3,14.0,MT9,root:Trinidad and Tobago:T3,False
MTT9T15,0.01760172716348851,0.06247126973131851,MTT,MT9,MTT,T3,15.0,MT9,root:Trinidad and Tobago:T3,False
MTT9T17,-0.015776606034499985,0.10824274205284663,MTT,MT9,MTT,T4,17.0,MT9,root:Trinidad and Tobago:T4,False
MTT9T18,0.14929974259192413,0.04369266455756401,MTT,MT9,MTT,T4,18.0,MT9,root:Trinidad and Tobago:T4,False
MTT9T26,-0.0765961249876381,0.12362727012132181,MTT,MT9,MTB,T6,26.0,MT9,root:China:T6,False
MTT9T4,0.18360382199995026,0.04728217762190896,MTT,MT9,MTT,T2,4.0,MT9,root:Trinidad and Tobago:T2,False
MTT9T6,0.10204912427012348,0.03680048231250326,MTT,MT9,MTT,T2,6.0,MT9,root:Trinidad and Tobago:T2,False
MTT9T9,0.06972762806072726,0.06832113682052103,MTT,MT9,MTT,T3,9.0,MT9,root:Trinidad and Tobago:T3,False
TTC1T1,0.34776961249975297,-0.07850617892558387,TTC,TTC1,TTC,TTC,1.0,TTC1,root:Trinidad and Tobago,False
TTC1T2,-0.028997458393916264,0.05518452819611383,TTC,TTC1,TTC,TTC,2.0,TTC1,root:Trinidad and Tobago,False
TTC2T1,0.30067606167351235,0.000867249831999093,TTC,TTC2,TTC,TTC,1.0,TTC2,root:Trinidad and Tobago,False
TTC2T2,-0.05175647355118592,0.07076359923376496,TTC,TTC2,TTC,TTC,2.0,TTC2,root:Trinidad and Tobago,False
TTC3T1,0.3482762895448985,-0.05847700062481765,TTC,TTC3,TTC,TTC,1.0,TTC3,root:Trinidad and Tobago,False
TTC3T2,0.27787961455876053,0.016066814822712543,TTC,TTC3,TTC,TTC,2.0,TTC3,root:Trinidad and Tobago,False
TTC4T1,0.16652327675975778,0.02780320147108563,TTC,TTC4,TTC,TTC,1.0,TTC4,root:Trinidad and Tobago,False
TTC4T2,0.17260068764733938,0.08378502772705354,TTC,TTC4,TTC,TTC,2.0,TTC4,root:Trinidad and Tobago,False
TTN10T1,0.05753909228312219,-0.03709541549070624,TTN,TTN10,TTN,TTN,1.0,TTN10,root:Trinidad and Tobago,False
TTN10T2,0.07824910060188801,-0.05151006148686249,TTN,TTN10,TTN,TTN,2.0,TTN10,root:Trinidad and Tobago,False
TTN11T1,0.009242559769099563,-0.10720274575391306,TTN,TTN11,TTN,TTN,1.0,TTN11,root:Trinidad and Tobago,False
TTN11T2,0.26453900894996035,-0.05942835685718679,TTN,TTN11,TTN,TTN,2.0,TTN11,root:Trinidad and Tobago,False
TTN12T1,0.26324011886621934,-0.07728293945248867,TTN,TTN12,TTN,TTN,1.0,TTN12,root:Trinidad and Tobago,False
TTN12T2,0.20389954656748518,-0.029871303204174398,TTN,TTN12,TTN,TTN,2.0,TTN12,root:Trinidad and Tobago,False
TTN13T1,0.009101161558481214,-0.10686409061216838,TTN,TTN13,TTN,TTN,1.0,TTN13,root:Trinidad and Tobago,False
TTN13T2,0.22583267734825782,0.058092322893973966,TTN,TTN13,TTN,TTN,2.0,TTN13,root:Trinidad and Tobago,False
TTN14T1,0.07528373559133202,-0.09240058251881314,TTN,TTN14,TTN,TTN,1.0,TTN14,root:Trinidad and Tobago,False
TTN14T2,-0.09918180923910257,-0.13120961600075012,TTN,TTN14,TTN,TTN,2.0,TTN14,root:Trinidad and Tobago,False
TTN1T1,0.34502887446760705,-0.0802458683200867,TTN,TTN1,TTN,TTN,1.0,TTN1,root:Trinidad and Tobago,False
TTN1T2,0.25160887450062314,-0.07576068500360345,TTN,TTN1,TTN,TTN,2.0,TTN1,root:Trinidad and Tobago,False
TTN2T1,-0.01151185651187117,0.0038181032575298228,TTN,TTN2,TTN,TTN,1.0,TTN2,root:Trinidad and Tobago,False
TTN2T2,0.338230981873684,-0.07232675218073442,TTN,TTN2,TTN,TTN,2.0,TTN2,root:Trinidad and Tobago,False
TTN3T1,-0.053645262740401364,-0.1319081723534606,TTN,TTN3,TTN,TTN,1.0,TTN3,root:Trinidad and Tobago,False
TTN3T2,0.02972089958565595,-0.12545154138460624,TTN,TTN3,TTN,TTN,2.0,TTN3,root:Trinidad and Tobago,False
TTN4T1,-0.03283080302732294,-0.13288274873611525,TTN,TTN4,TTN,TTN,1.0,TTN4,root:Trinidad and Tobago,False
TTN4T2,-0.02345242926939499,-0.12670718971995473,TTN,TTN4,TTN,TTN,2.0,TTN4,root:Trinidad and Tobago,False
TTN5T1,0.13131514244558104,-0.004222392094653204,TTN,TTN5,TTN,TTN,1.0,TTN5,root:Trinidad and Tobago,False
TTN5T2,0.227980931248956,-0.070785875273861,TTN,TTN5,TTN,TTN,2.0,TTN5,root:Trinidad and Tobago,False
TTN6T1,-0.11730537400656883,-0.01492879794141388,TTN,TTN6,TTN,TTN,1.0,TTN6,root:Trinidad and Tobago,False
TTN6T2,0.20399300890800018,-0.09595735587465722,TTN,TTN6,TTN,TTN,2.0,TTN6,root:Trinidad and Tobago,False
TTN7T1,0.30174751110499015,-0.08065524203520186,TTN,TTN7,TTN,TTN,1.0,TTN7,root:Trinidad and Tobago,False
TTN7T2,0.3188227790770568,-0.12228805652855286,TTN,TTN7,TTN,TTN,2.0,TTN7,root:Trinidad and Tobago,False
TTN8T1,0.29978267098449213,-0.09817692377871814,TTN,TTN8,TTN,TTN,1.0,TTN8,root:Trinidad and Tobago,False
TTN8T2,0.28566160125095147,-0.09658974401707884,TTN,TTN8,TTN,TTN,2.0,TTN8,root:Trinidad and Tobago,False
TTN9T1,0.10153320553091226,-0.10834933301004195,TTN,TTN9,TTN,TTN,1.0,TTN9,root:Trinidad and Tobago,False
TTN9T2,0.05358317688698751,-0.15154109955505002,TTN,TTN9,TTN,TTN,2.0,TTN9,root:Trinidad and Tobago,False
TTP1T1,0.07132087821192379,-0.15461236347621607,,,,,,,,
TTP1T2,0.2678101837217833,0.08473510028872715,,,,,,,,
TTP1T3,0.25661361389320214,-0.054159909504350234,,,,,,,,
TTP2T1,-0.043173401421723746,-0.11254936687093912,,,,,,,,
TTP2T2,-0.06189512662633414,-0.0334095738477155,,,,,,,,
TTP3T1,0.2502768858037688,-0.02400192719756413,,,,,,,,
